donor,Name,acceptor,Name,Homo,lumo,Voc,JSC,FF,PCE,Ref.
CCCCC(CC)Cc1sc(-c2c3cc(-c4ccc(-c5sc(-c6ccc(C)s6)c6c5C(=O)c5c(CC(CC)CCCC)sc(CC(CC)CCCC)c5C6=O)s4)sc3c(-c3cc(F)c(CC(CC)CCCC)s3)c3cc(C)sc23)cc1F,PM6,CCCCCCCCCCCC1=C(/C=C2\C(=O)C3=C(C=CC(C4=CC=C(C5=CC6=C(C=C5)C(=C(C#N)C#N)/C(=C/C5=C(CCCCCCCCCCC)C7=C(S5)C5=C(S7)C7=C(C8=C(C9=NSN=C97)C7=C(C9=C(S7)C(CCCCCCCCCCC)=C(/C=C7\C(=O)C%10=C(C=C(F)C(F)=C%10)C7=C(C#N)C#N)S9)N8CC(CCCCCCCC)CCCCCCCCCC)N5CC(CCCCCCCC)CCCCCCCCCC)C6=O)S4)=C3)C2=C(C#N)C#N)SC2=C1SC1=C2N(CC(CCCCCCCC)CCCCCCCCCC)C2=C1C1=NSN=C1C1=C2N(CC(CCCCCCCC)CCCCCCCCCC)C2=C1SC1=C2SC(/C=C2\C(=O)C3=C(C=C(F)C(F)=C3)C2=C(C#N)C#N)=C1CCCCCCCCCCC,QM1,-5.67,-3.96,0.91,25.23,74.01,17.05,"W. Feng, Y. Bai, J. Wang, Y. Zhong, J. Wang, T. Chen, J. Zhang, K. Han, X. Wan, B. Kan, Y. Chen, Rational Design of Two Well-Compatible Dimeric Acceptors Through Regulating Chalcogen-Substituted Conjugated Backbone Enable Ternary Organic Solar Cells with 19.4% Efficiency. Adv. Energy Mater. 2024, 2404062. https://doi.org/10.1002/aenm.202404062"
CCCCC(CC)Cc1sc(-c2c3cc(-c4ccc(-c5sc(-c6ccc(C)s6)c6c5C(=O)c5c(CC(CC)CCCC)sc(CC(CC)CCCC)c5C6=O)s4)sc3c(-c3cc(F)c(CC(CC)CCCC)s3)c3cc(C)sc23)cc1F,PM6,CCCCCCCCCCCC1=C(/C=C2\C(=O)C3=C(C=CC(C4=C(F)C(F)=C(C5=CC6=C(C=C5)C(=C(C#N)C#N)/C(=C/C5=C(CCCCCCCCCCC)C7=C(S5)C5=C(S7)C7=C(C8=C(C9=NSN=C97)C7=C(C9=C(S7)C(CCCCCCCCCCC)=C(/C=C7\C(=O)C%10=C(C=C(F)C(F)=C%10)C7=C(C#N)C#N)S9)N8CC(CCCCCCCC)CCCCCCCCCC)N5CC(CCCCCCCC)CCCCCCCCCC)C6=O)S4)=C3)C2=C(C#N)C#N)SC2=C1SC1=C2N(CC(CCCCCCCC)CCCCCCCCCC)C2=C1C1=NSN=C1C1=C2N(CC(CCCCCCCC)CCCCCCCCCC)C2=C1SC1=C2SC(/C=C2\C(=O)C3=C(C=C(F)C(F)=C3)C2=C(C#N)C#N)=C1CCCCCCCCCCC,QM2,-5.67,-3.94,0.91,25.42,70.5,16.36,"Liu, W., Yuan, J., Zhu, C. et al. A-¦°-A structured non-fullerene acceptors for stable organic solar cells with efficiency over 17%. Sci. China Chem. 65, 1374-1382 (2022). https://doi.org/10.1007/s11426-022-1281-0"
CCCCC(CC)Cc1sc(-c2c3cc(-c4ccc(-c5sc(-c6ccc(C)s6)c6c5C(=O)c5c(CC(CC)CCCC)sc(CC(CC)CCCC)c5C6=O)s4)sc3c(-c3cc(F)c(CC(CC)CCCC)s3)c3cc(C)sc23)cc1F,PM6,CCCCCCCCCCCC1=C(/C=C2\C(=O)C3=C(C=CC(C4=CC=C(C5=CC=C(C6=CC7=C(C=C6)C(=C(C#N)C#N)/C(=C/C6=C(CCCCCCCCCCC)C8=C(S6)C6=C(S8)C8=C(C9=C(C%10=NSN=C%108)C8=C(C%10=C(S8)C(CCCCCCCCCCC)=C(/C=C8\C(=O)C%11=C(C=C(F)C(F)=C%11)C8=C(C#N)C#N)S%10)N9CC(CCCCCCCC)CCCCCCCCCC)N6CC(CCCCCCCC)CCCCCCCCCC)C7=O)S5)S4)=C3)C2=C(C#N)C#N)SC2=C1SC1=C2N(CC(CCCCCCCC)CCCCCCCCCC)C2=C1C1=NSN=C1C1=C2N(CC(CCCCCCCC)CCCCCCCCCC)C2=C1SC1=C2SC(/C=C2\C(=O)C3=C(C=C(F)C(F)=C3)C2=C(C#N)C#N)=C1CCCCCCCCCCC,QM-2T,-5.68,-3.86,0.94,25.75,73.8,17.86,"HE S, XIANG C, LIU W, et al. A-¦°-A type quasi-macromolecular acceptors with molecular conjugation length control strategy for high-performance organic solar cells [J]. Journal of Materials Chemistry A, 2024, 12(45): 31581-31588."
CCCCC(CC)Cc1sc(-c2c3cc(-c4ccc(-c5sc(-c6ccc(C)s6)c6c5C(=O)c5c(CC(CC)CCCC)sc(CC(CC)CCCC)c5C6=O)s4)sc3c(-c3cc(F)c(CC(CC)CCCC)s3)c3cc(C)sc23)cc1F,PM6,CCCCCCCCCCCC1=C(/C=C2\C(=O)C3=C(C=CC(C4=CC=C(C5=CC=C(C6=CC=C(C7=CC8=C(C=C7)C(=C(C#N)C#N)/C(=C/C7=C(CCCCCCCCCCC)C9=C(S7)C7=C(S9)C9=C(C%10=C(C%11=NSN=C%119)C9=C(C%11=C(S9)C(CCCCCCCCCCC)=C(/C=C9\C(=O)C%12=C(C=C(F)C(F)=C%12)C9=C(C#N)C#N)S%11)N%10CC(CCCCCCCC)CCCCCCCCCC)N7CC(CCCCCCCC)CCCCCCCCCC)C8=O)S6)S5)S4)=C3)C2=C(C#N)C#N)SC2=C1SC1=C2N(CC(CCCCCCCC)CCCCCCCCCC)C2=C1C1=NSN=C1C1=C2N(CC(CCCCCCCC)CCCCCCCCCC)C2=C1SC1=C2SC(/C=C2\C(=O)C3=C(C=C(F)C(F)=C3)C2=C(C#N)C#N)=C1CCCCCCCCCCC,QM-3T,-5.68,-3.75,0.94,23.04,59.9,12.96,"HE S, XIANG C, LIU W, et al. A-¦°-A type quasi-macromolecular acceptors with molecular conjugation length control strategy for high-performance organic solar cells [J]. Journal of Materials Chemistry A, 2024, 12(45): 31581-31588."
CCCCC(CC)Cc1sc(-c2c3cc(-c4ccc(-c5sc(-c6ccc(C)s6)c6c5C(=O)c5c(CC(CC)CCCC)sc(CC(CC)CCCC)c5C6=O)s4)sc3c(-c3cc(F)c(CC(CC)CCCC)s3)c3cc(C)sc23)cc1F,PM6,CCCCCCCCCCC(CCCCCCCC)CN1C2=C(SC3=C2SC(/C=C2\C(=O)C4=C(C=CC(C5=CC=C(C6=CC7=C(C=C6)C(=C(C#N)C#N)/C(=C/C6=C(CC(CCCC)CCCCCC)C8=C(S6)C6=C(S8)C8=C(C9=C(C%10=NSN=C%108)C8=C(C%10=C(S8)C(CC(CCCC)CCCCCC)=C(/C=C8\C(=O)C%11=C(C=C(F)C(F)=C%11)C8=C(C#N)C#N)S%10)N9CC(CCCCCCCC)CCCCCCCCCC)N6CC(CCCCCCCC)CCCCCCCCCC)C7=O)S5)=C4)C2=C(C#N)C#N)=C3CC(CCCC)CCCCCC)C2=C1C1=C(C3=NSN=C32)C2=C(C3=C(S2)C(CC(CCCC)CCCCCC)=C(/C=C2\C(=O)C4=C(C=C(F)C(F)=C4)C2=C(C#N)C#N)S3)N1CC(CCCCCCCC)CCCCCCCCCC,DBT,-5.71,-3.79,0.95,24.12,72.39,16.53,"LIU W, XU X, HE S, et al. Three-Arm Star-Shaped Acceptor Enables Organic Solar Cell over 18% Efficiency [J]. Macromolecules, 2023, 56(21): 8623-8631."
CCCCC(CC)Cc1sc(-c2c3cc(-c4ccc(-c5sc(-c6ccc(C)s6)c6c5C(=O)c5c(CC(CC)CCCC)sc(CC(CC)CCCC)c5C6=O)s4)sc3c(-c3cc(F)c(CC(CC)CCCC)s3)c3cc(C)sc23)cc1F,PM6,CCCCCCCCCCC(CN1C2=C(C3=C1C4=C(C5=C(N4CC(CCCCCCCCCC)CCCCCCCC)C6=C(C(CC(CCCCCC)CCCC)=C(S6)/C=C7C(C8=C(C\7=C(C#N)/C#N)C=C(C(F)=C8)F)=O)S5)C9=NSN=C93)SC%10=C2SC(/C=C%11C(C%12=C(C\%11=C(C#N)/C#N)C=CC(C%13=CC(C%14=C(C%15=C%16C=C(S%15)C%17=CC%18=C(C(/C(C%18=O)=C/C%19=C(C%20=C(C%21=C(C%22=C(N%21CC(CCCCCCCCCC)CCCCCCCC)C%23=C(C%24=C(N%23CC(CCCCCCCCCC)CCCCCCCC)C%25=C(C(CC(CCCCCC)CCCC)=C(S%25)/C=C%26C(C%27=C(C\%26=C(C#N)/C#N)C=C(C(F)=C%27)F)=O)S%24)C%28=NSN=C%28%22)S%20)S%19)CC(CCCCCC)CCCC)=C(C#N)\C#N)C=C%17)C=C(S%14)C%29=CC%30=C(C(/C(C%30=O)=C/C%31=C(C%32=C(C%33=C(C%34=C(N%33CC(CCCCCCCCCC)CCCCCCCC)C%35=C(C%36=C(N%35CC(CCCCCCCCCC)CCCCCCCC)C%37=C(C(CC(CCCCCC)CCCC)=C(S%37)/C=C%38C(C%39=C(C\%38=C(C#N)\C#N)C=C(C(F)=C%39)F)=O)S%36)C%40=NSN=C%40%34)S%32)S%31)CC(CCCCCC)CCCC)=C(C#N)/C#N)C=C%29)=C%16S%13)=C%12)=O)=C%10CC(CCCCCC)CCCC)CCCCCCCC,TBT,-5.7,-3.79,0.94,24.63,78.07,18.04,"LIU W, XU X, HE S, et al. Three-Arm Star-Shaped Acceptor Enables Organic Solar Cell over 18% Efficiency [J]. Macromolecules, 2023, 56(21): 8623-8631."
CCCCC(CC)Cc1sc(-c2c3cc(-c4ccc(-c5sc(-c6ccc(C)s6)c6c5C(=O)c5c(CC(CC)CCCC)sc(CC(CC)CCCC)c5C6=O)s4)sc3c(-c3cc(F)c(CC(CC)CCCC)s3)c3cc(C)sc23)cc1F,PM6,BrC1=CC(C2=O)=C(C(/C2=C/C(S3)=C(CCCCCCCCCCC)C(S4)=C3C(N5CC(CCCCCCCCCC)CCCCCCCC)=C4C6=C5C(N7CC(CCCCCCCC)CCCCCCCCCC)=C(C(N8)=C7C(S9)=C8C(CCCCCCCCCCC)=C9/C=C%10C(C(C=C(C=C%11)C%12=CC=C(C%13=CC=C(C(C=C%14)=CC(C(C/%15=C\C%16=C(CCCCCCCCCCC)C%17=C(C%18=C(S%17)C%19=C(N%18CC(CCCCCCCC)CCCCCCCCCC)C%20=C(C%21=NSN=C%21%19)C%22=C(C%23=C(S%22)C(CCCCCCCCCCC)=C(S%23)/C=C%24/C(C%25=C(C%24=O)C=C(Br)C=C%25)=C(C#N)/C#N)N%20CC(CCCCCCCC)CCCCCCCCCC)S%16)=O)=C%14C%15=C(C#N)\C#N)S%13)S%12)=C%11C\%10=C(C#N)\C#N)=O)C%26=NSN=C6%26)=C(C#N)\C#N)C=C1,OY2,,,0.837,24.37,71.79,14.69,"Liang, Y., Zhang, D., Wu, Z. et al. Organic solar cells using oligomer acceptors for improved stability and efficiency. Nat Energy 7, 1180-1190 (2022). https://doi.org/10.1038/s41560-022-01155-x"
CCCCC(CC)Cc1sc(-c2c3cc(-c4ccc(-c5sc(-c6ccc(C)s6)c6c5C(=O)c5c(CC(CC)CCCC)sc(CC(CC)CCCC)c5C6=O)s4)sc3c(-c3cc(F)c(CC(CC)CCCC)s3)c3cc(C)sc23)cc1F,PM6,CCCCCCCCCCCC1=C(/C=C2\C(=O)C3=C(C=CC(C4=CC=C(C5=CC6=C(C=C5)C(=C(C#N)C#N)/C(=C/C5=C(CCCCCCCCCCC)C7=C(S5)C5=C(S7)C7=C(C8=C(C9=NSN=C97)C7=C(C9=C(S7)C(CCCCCCCCCCC)=C(/C=C7\C(=O)C%10=C(C=C(F)C(F)=C%10)C7=C(C#N)C#N)S9)N8CC(CCCCCC)CCCCCCCC)N5CC(CCCCCC)CCCCCCCC)C6=O)S4)=C3)C2=C(C#N)C#N)SC2=C1NC1=C2N(CC(CCCCCC)CCCCCCCC)C2=C1C1=NSN=C1C1=C2N(CC(CCCCCC)CCCCCCCC)C2=C1SC1=C2SC(/C=C2\C(=O)C3=C(C=C(F)C(F)=C3)C2=C(C#N)C#N)=C1CCCCCCCCCCC,2BTP-2F-T,,,0.911,25.5,78.28,18.19,"L. Zhang, Z. Zhang, D. Deng, H. Zhou, J. Zhang, Z. Wei, ¡ùN-¦°-N¡ì Type Oligomeric Acceptor Achieves an OPV Efficiency of 18.19% with Low Energy Loss and Excellent Stability. Adv. Sci. 2022, 9, 2202513. https://doi.org/10.1002/advs.202202513"
CCCCC(CC)Cc1sc(-c2c3cc(-c4ccc(-c5sc(-c6ccc(C)s6)c6c5C(=O)c5c(CC(CC)CCCC)sc(CC(CC)CCCC)c5C6=O)s4)sc3c(-c3cc(F)c(CC(CC)CCCC)s3)c3cc(C)sc23)cc1F,PM6,CCCCCCCCCCC(CN1C2=C(C3=C1C4=C(C5=C(N4CC(CCCCCCCCCC)CCCCCCCC)C6=C(C(CCCCCCCCC)=C(S6)/C=C7C(C8=CC(F)=C(C=C8C\7=C(C#N)\C#N)F)=O)S5)C9=NSN=C93)SC%10=C2SC(/C=C%11C(C%12=CC(/C=C/C(C=C%13C(C/%14=C\C%15=C(C%16=C(C%17=C(C%18=C(N%17CC(CCCCCCCCCC)CCCCCCCC)C%19=C(C%20=C(N%19CC(CCCCCCCCCC)CCCCCCCC)C%21=C(C(CCCCCCCCC)=C(S%21)/C=C%22C(C%23=CC(F)=C(C=C%23C\%22=C(C#N)/C#N)F)=O)S%20)C%24=NSN=C%24%18)S%16)S%15)CCCCCCCCC)=O)=CC=C%13C%14=C(C#N)\C#N)=CC=C%12C\%11=C(C#N)\C#N)=O)=C%10CCCCCCCCC)CCCCCCCC,EV-i,-5.77,-3.91,0.897,26.6,76.56,18.27,"H. Zhuo, X. Li, J. Zhang, S. Qin, J. Guo, R. Zhou, X. Jiang, X. Wu, Z. Chen, J. Li, L. Meng, Y. Li, Angew. Chem. Int. Ed. 2023, 62, e202303551."
CCCCC(CC)Cc1sc(-c2c3cc(-c4ccc(-c5sc(-c6ccc(C)s6)c6c5C(=O)c5c(CC(CC)CCCC)sc(CC(CC)CCCC)c5C6=O)s4)sc3c(-c3cc(F)c(CC(CC)CCCC)s3)c3cc(C)sc23)cc1F,PM6,CCCCCCCCCCC(CCCCCCCC)CN1C2=C(SC3=C2CC(/C=C2\C(=O)C4=C(C=CC(C5=CC=C(C6=CC7=C(C=C6)C(=C(C#N)C#N)/C(=C/C6=C(CC(CCCC)CCCCCC)C8=C(S6)C6=C(S8)C8=C(C9=C(C%10=NSN=C%108)C8=C(C%10=C(S8)C(CC(CCCC)CCCCCC)=C(/C=C8\C(=O)C%11=C(C=C(Cl)C(Cl)=C%11)C8=C(C#N)C#N)S%10)N9CC(CCCCCCCC)CCCCCCCCCC)N6CC(CCCCCCCC)CCCCCCCCCC)C7=O)S5)=C4)C2=C(C#N)C#N)=C3CC(CCCC)CC2=CC=C3C=C4C=CC(C)=CC4=CC3=C2)C2=C1C1=C(C3=NSN=C32)C2=C(C3=C(S2)C(CC(CCCC)CCCCCC)=C(/C=C2\C(=O)C4=C(C=C(Cl)C(Cl)=C4)C2=C(C#N)C#N)S3)N1CC(CCCCCCCC)CCCCCCCCCC,DYT,-5.64,-3.94,0.942,24.89,0.74,17.29,"LEE J-W, SUN C, PHAN T N-L, et al. Trimerized small-molecule acceptors enable high-performance organic solar cells with high open-circuit voltage and prolonged life-time [J]. Energy & Environmental Science, 2023, 16(8): 3339-3349."
CCCCC(CC)Cc1sc(-c2c3cc(-c4ccc(-c5sc(-c6ccc(C)s6)c6c5C(=O)c5c(CC(CC)CCCC)sc(CC(CC)CCCC)c5C6=O)s4)sc3c(-c3cc(F)c(CC(CC)CCCC)s3)c3cc(C)sc23)cc1F,PM6,CCCCCCCCCCC(CN1C2=C(C3=C1C4=C(C5=C(N4CC(CCCCCCCCCC)CCCCCCCC)C6=C(C(CC(CCCCCC)CCCC)=C(S6)/C=C7C(C8=C(C\7=C(C#N)\C#N)C=CC(C(S9)=CC=C9C%10=CC(C(C%11=C/C%12=C(CC(CCCCCC)CCCC)C%13=C(C%12)C(N%14CC(CCCCCCCC)CCCCCCCCCC)=C(C%15=C%14C%16=C(C%17=C(N%16CC(CCCCCCCCCC)CCCCCCCC)C%18=C(C(CC(CCCCCC)CCCC)=C(S%18)/C=C%19C(C%20=C(C\%19=C(C#N)\C#N)C=CC(C)=C%20)=O)S%17)C%21=NSN=C%21%15)S%13)=O)=C(C/%11=C(C#N)/C#N)C=C%10)=C8)=O)S5)C%22=NSN=C%223)SC%23=C2CC(/C=C%24C(C%25=C(C\%24=C(C#N)\C#N)C=CC(C%26=CC=C(S%26)C%27=CC%28=C(C(/C(C%28=O)=C/C%29=C(C%30=C(C%31=C(C%32=C(N%31CC(CCCCCCCCCC)CCCCCCCC)C%33=C(C%34=C(N%33CC(CCCCCCCCCC)CCCCCCCC)C%35=C(C(CC(CCCCCC)CCCC)=C(S%35)/C=C%36C(C%37=C(C\%36=C(C#N)\C#N)C=C(C(Cl)=C%37)Cl)=O)S%34)C%38=NSN=C%38%32)S%30)S%29)CC(CCCCCC)CCCC)=C(C#N)/C#N)C=C%27)=C%25)=O)=C%23CC(CCCCCC)CCCC)CCCCCCCC,TYT,-5.64,-3.86,0.964,25.07,0.75,18.15,"LEE J-W, SUN C, PHAN T N-L, et al. Trimerized small-molecule acceptors enable high-performance organic solar cells with high open-circuit voltage and prolonged life-time [J]. Energy & Environmental Science, 2023, 16(8): 3339-3349."
CCCCC(CC)Cc1sc(-c2c3cc(-c4ccc(-c5sc(-c6ccc(C)s6)c6c5C(=O)c5c(CC(CC)CCCC)sc(CC(CC)CCCC)c5C6=O)s4)sc3c(-c3cc(F)c(CC(CC)CCCC)s3)c3cc(C)sc23)cc1F,PM6,CCCCCCCCCCCC1=C(/C=C2\C(=O)C3=C(C=CC=C3)C2=C(C#N)C#N)SC2=C1SC1=C2N(CC(CC)CCCC)C2=C1C1=NSN=C1C1=C2N(CC(CC)CCCC)C2=C1SC1=C2SC(/C=C2\C(=O)C3=C(C=CC(C4=CC5=C(C=C4)C(=C(C#N)C#N)/C(=C/C4=C(CCCCCCCCCCC)C6=C(S4)C4=C(S6)C6=C(C7=C(C8=NSN=C86)C6=C(C8=C(S6)C(CCCCCCCCCCC)=C(/C=C6\C(=O)C9=C(C=CC=C9)C6=C(C#N)C#N)S8)N7CC(CC)CCCC)N4CC(CC)CCCC)C5=O)=C3)C2=C(C#N)C#N)=C1CCCCCCCCCCC,dBTIC¦Ã-EH,,,0.92,21.43,73.28,14.48,"H. Wang, C. Cao, H. Chen, H. Lai, C. Ke, Y. Zhu, H. Li, F. He, Angew. Chem. Int. Ed. 2022, 61, e202201844; Angew. Chem. 2022, 134, e202201844."
CCCCC(CC)Cc1sc(-c2c3cc(-c4ccc(-c5sc(-c6ccc(C)s6)c6c5C(=O)c5c(CC(CC)CCCC)sc(CC(CC)CCCC)c5C6=O)s4)sc3c(-c3cc(F)c(CC(CC)CCCC)s3)c3cc(C)sc23)cc1F,PM6,CCCCCCCCCCCC1=C(/C=C2\C(=O)C3=C(C=CC=C3)C2=C(C#N)C#N)SC2=C1SC1=C2N(CC(CC)CCCC)C2=C1C1=NSN=C1C1=C2N(CC(CCCC)CCCCCC)C2=C1SC1=C2SC(/C=C2\C(=O)C3=C(C=CC(C4=CC5=C(C=C4)C(=C(C#N)C#N)/C(=C/C4=C(CCCCCCCCCCC)C6=C(S4)C4=C(S6)C6=C(C7=C(C8=NSN=C86)C6=C(C8=C(S6)C(CCCCCCCCCCC)=C(/C=C6\C(=O)C9=C(C=CC=C9)C6=C(C#N)C#N)S8)N7CC(CCCC)CCCCCC)N4CC(CCCC)CCCCCC)C5=O)=C3)C2=C(C#N)C#N)=C1CCCCCCCCCCC,dBTIC¦Ã-BO,,,0.91,20.97,70.26,13.42,"H. Wang, C. Cao, H. Chen, H. Lai, C. Ke, Y. Zhu, H. Li, F. He, Angew. Chem. Int. Ed. 2022, 61, e202201844; Angew. Chem. 2022, 134, e202201844."
CCCCC(CC)Cc1sc(-c2c3cc(-c4ccc(-c5sc(-c6ccc(C)s6)c6c5C(=O)c5c(CC(CC)CCCC)sc(CC(CC)CCCC)c5C6=O)s4)sc3c(-c3cc(F)c(CC(CC)CCCC)s3)c3cc(C)sc23)cc1F,PM6,CCCCCCCCCCCC1=C(SC2=C1SC3=C2N(C4=C3C5=NSN=C5C6=C4N(C7=C6SC8=C7SC(/C=C9C(C%10=C(C\9=C(C#N)\C#N)C=CC(C%11=CC%12=C(C(/C(C%12=O)=C/C%13=C(C%14=C(C%15=C(C%16=C(N%15CC(CCCCCC)CCCC)C%17=C(C%18=C(N%17CC(CCCCCC)CCCC)C%19=C(C(CCCCCCCCCCC)=C(S%19)/C=C%20C(C%21=C(C\%20=C(C#N)/C#N)C=CC=C%21)=O)S%18)C%22=NSN=C%22%16)S%14)S%13)CCCCCCCCCCC)=C(C#N)\C#N)C=C%11)=C%10)=O)=C8CCCCCCCCCCC)CC(CCCCCC)CCCC)CC(CCCC)CC)/C=C%23C(C%24=C(C\%23=C(C#N)\C#N)C=CC(C%25=CC(C(C%26=C/C%27=C(CCCCCCCCCCC)C%28=C(S%27)C%29=C(S%28)C%30=C(N%29CC(CCCCCC)CCCC)C%31=C(C%32=NSN=C%32%30)C%33=C(N%31CC(CCCC)CC)C%34=C(S%33)C(CCCCCCCCCCC)=C(S%34)/C=C%35C(C%36=C(C\%35=C(C#N)\C#N)C=CC=C%36)=O)=O)=C(C/%26=C(C#N)/C#N)C=C%25)=C%24)=O,tBTIC¦Ã-BO,,,0.9,21.25,68.76,13.16,"H. Wang, C. Cao, H. Chen, H. Lai, C. Ke, Y. Zhu, H. Li, F. He, Angew. Chem. Int. Ed. 2022, 61, e202201844; Angew. Chem. 2022, 134, e202201844."
CCCCC(CC)Cc1sc(-c2c3cc(-c4ccc(-c5sc(-c6ccc(C)s6)c6c5C(=O)c5c(CC(CC)CCCC)sc(CC(CC)CCCC)c5C6=O)s4)sc3c(-c3cc(F)c(CC(CC)CCCC)s3)c3cc(C)sc23)cc1F,PM6,CCCCCCCCCCCCC(CCCCCCCCCC)CN1C2=C(SC3=C2SC(/C=C2\C(=O)C4=C(C=C(F)C(F)=C4)C2=C(C#N)C#N)=C3CCCCCCCCCCC)C2=C1C1=C(C3=NC4=C(C=CC(C5=CC=C(C6=CC7=C(C=C6)N=C6C(=N7)C7=C(C8=C6C6=C(C9=C(S6)C(CCCCCCCCCCC)=C(/C=C6\C(=O)C%10=C(C=C(F)C(F)=C%10)C6=C(C#N)C#N)S9)N8CC(CCCCCCCCCC)CCCCCCCCCCCC)N(CC(CCCCCCCCCC)CCCCCCCCCCCC)C6=C7SC7=C6SC(/C=C6\C(=O)C8=C(C=C(F)C(F)=C8)C6=C(C#N)C#N)=C7CCCCCCCCCCC)S5)=C4)N=C32)C2=C(C3=C(S2)C(CCCCCCCCCCC)=C(/C=C2\C(=O)C4=C(C=C(F)C(F)=C4)C2=C(C#N)C#N)S3)N1CC(CCCCCCCCCC)CCCCCCCCCCCC,CH8-0,,,0.936,22.61,72.1,15.26,"CHEN H, ZHANG Z, WANG P, et al. 3D acceptors with multiple A-D-A architectures for highly efficient organic solar cells [J]. Energy & Environmental Science, 2023, 16(4): 1773-1782."
CCCCC(CC)Cc1sc(-c2c3cc(-c4ccc(-c5sc(-c6ccc(C)s6)c6c5C(=O)c5c(CC(CC)CCCC)sc(CC(CC)CCCC)c5C6=O)s4)sc3c(-c3cc(F)c(CC(CC)CCCC)s3)c3cc(C)sc23)cc1F,PM6,CCCCCCCCCCCCC(CCCCCCCCCC)CN1C2=C(SC3=C2SC(/C=C2\C(=O)C4=C(C=C(F)C(F)=C4)C2=C(C#N)C#N)=C3CCCCCCCCCCC)C2=C1C1=C(C3=NC4=C(C=C(F)C(C5=CC=C(C6=CC7=C(C=C6F)N=C6C(=N7)C7=C(C8=C6C6=C(C9=C(S6)C(CCCCCCCCCCC)=C(/C=C6\C(=O)C%10=C(C=C(F)C(F)=C%10)C6=C(C#N)C#N)S9)N8CC(CCCCCCCCCC)CCCCCCCCCCCC)N(CC(CCCCCCCCCC)CCCCCCCCCCCC)C6=C7SC7=C6SC(/C=C6\C(=O)C8=C(C=C(F)C(F)=C8)C6=C(C#N)C#N)=C7CCCCCCCCCCC)S5)=C4)N=C32)C2=C(C3=C(S2)C(CCCCCCCCCCC)=C(/C=C2\C(=O)C4=C(C=C(F)C(F)=C4)C2=C(C#N)C#N)S3)N1CC(CCCCCCCCCC)CCCCCCCCCCCC,CH8-1,,,0.923,24.89,74.2,17.05,"CHEN H, ZHANG Z, WANG P, et al. 3D acceptors with multiple A-D-A architectures for highly efficient organic solar cells [J]. Energy & Environmental Science, 2023, 16(4): 1773-1782."
CCCCC(CC)Cc1sc(-c2c3cc(-c4ccc(-c5sc(-c6ccc(C)s6)c6c5C(=O)c5c(CC(CC)CCCC)sc(CC(CC)CCCC)c5C6=O)s4)sc3c(-c3cc(F)c(CC(CC)CCCC)s3)c3cc(C)sc23)cc1F,PM6,CCCCCCCCCCCCC(CCCCCCCCCC)CN1C2=C(SC3=C2SC(/C=C2\C(=O)C4=C(C=C(F)C(F)=C4)C2=C(C#N)C#N)=C3CCCCCCCCCCC)C2=C1C1=C(C3=NC4=C(C=C(F)C(C5=C(F)C(F)=C(C6=CC7=C(C=C6F)N=C6C(=N7)C7=C(C8=C6C6=C(C9=C(S6)C(CCCCCCCCCCC)=C(/C=C6\C(=O)C%10=C(C=C(F)C(F)=C%10)C6=C(C#N)C#N)S9)N8CC(CCCCCCCCCC)CCCCCCCCCCCC)N(CC(CCCCCCCCCC)CCCCCCCCCCCC)C6=C7SC7=C6SC(/C=C6\C(=O)C8=C(C=C(F)C(F)=C8)C6=C(C#N)C#N)=C7CCCCCCCCCCC)S5)=C4)N=C32)C2=C(C3=C(S2)C(CCCCCCCCCCC)=C(/C=C2\C(=O)C4=C(C=C(F)C(F)=C4)C2=C(C#N)C#N)S3)N1CC(CCCCCCCCCC)CCCCCCCCCCCC,CH8-2,,,0.928,24.24,74.9,16.84,"CHEN H, ZHANG Z, WANG P, et al. 3D acceptors with multiple A-D-A architectures for highly efficient organic solar cells [J]. Energy & Environmental Science, 2023, 16(4): 1773-1782."
CCCCC(CC)Cc1sc(-c2c3cc(-c4ccc(-c5sc(-c6ccc(C)s6)c6c5C(=O)c5c(CC(CC)CCCC)sc(CC(CC)CCCC)c5C6=O)s4)sc3c(-c3cc(F)c(CC(CC)CCCC)s3)c3cc(C)sc23)cc1F,PM6,CCCCCCCCCCCC1=C(/C=C2\C(=O)C3=C(C=CC(C4=CC=C(C5=CC6=C(C=C5)C(=C(C#N)C#N)/C(=C/C5=C(CCCCCCCCCCC)C7SC8=C(C7S5)N(CCC(CCCCCC)CCCCCCCC)C5=C8C7=NSN=C7C7=C5N(CC(CCCCCC)CCCCCCCC)C5=C7SC7=C5SC(/C=C5\C(=O)C8=C(C=C(F)C(F)=C8)C5=C(C#N)C#N)=C7CCCCCCCCCCC)C6=O)S4)=C3)C2=C(C#N)C#N)SC2=C1SC1=C2N(CC(CCCCCC)CCCCCCCC)C2=C1C1=NSN=C1C1=C2N(CC(CCCCCC)CCCCCCCC)C2=C1SC1=C2SC(/C=C2\C(=O)C3=C(C=C(F)C(F)=C3)C2=C(C#N)C#N)=C1CCCCCCCCCCC,G-Dimer,,,0.904,24.39,78.95,17.41,"WANG C, MA X, SHEN Y-F, et al. Unique assembly of giant star-shaped trimer enables non-halogen solvent-fabricated, thermal stable, and efficient organic solar cells [J]. Joule, 2023, 7(10): 2386-2401."
CCCCC(CC)Cc1sc(-c2c3cc(-c4ccc(-c5sc(-c6ccc(C)s6)c6c5C(=O)c5c(CC(CC)CCCC)sc(CC(CC)CCCC)c5C6=O)s4)sc3c(-c3cc(F)c(CC(CC)CCCC)s3)c3cc(C)sc23)cc1F,PM6,O=C1C(/C(C2=C1C=C(C(S3)=CC4=C3C(C=C(C5=CC(C(C/6=C\C(S7)=C(CCCCCCCCCCC)C(S8)C7C(N9CCC(CCCCCC)CCCCCCCC)=C8C%10=C9C%11=C(C%12=NSN=C%10%12)C%13=C(N%11CC(CCCCCCCC)CCCCCC)C%14=C(S%13)C(CCCCCCCCCCC)=C(S%14)/C=C%15/C(C%16=C(C%15=O)C=C(F)C(F)=C%16)=C(C#N)/C#N)=O)=C(C6=C(C#N)/C#N)C=C5)S%17)=C%17C%18=C4SC(C%19=CC(C(C/%20=C\C(S%21)=C(CCCCCCCCCCC)C(S%22)C%21C(N%23CCC(CCCCCC)CCCCCCCC)=C%22C%24=C%23C%25=C(C%26=NSN=C%24%26)C%27=C(N%25CC(CCCCCCCC)CCCCCC)C%28=C(S%27)C(CCCCCCCCCCC)=C(S%28)/C=C%29/C(C%30=C(C%29=O)C=C(F)C(F)=C%30)=C(C#N)/C#N)=O)=C(C%20=C(C#N)/C#N)C=C%19)=C%18)C=C2)=C(C#N)\C#N)=C\C(S%31)=C(CCCCCCCCCCC)C(S%32)=C%31C(N%33CC(CCCCCCCC)CCCCCC)=C%32C%34=C%33C(N%35CC(CCCCCC)CCCCCCCC)=C(C(S%36)=C%35C(S%37)=C%36C(CCCCCCCCCCC)=C%37/C=C%38C(C(C=C(F)C(F)=C%39)=C%39C\%38=C(C#N)\C#N)=O)C%40=NSN=C%34%40,G-Trimer,,,0.896,26.75,79.3,19.01,"WANG C, MA X, SHEN Y-F, et al. Unique assembly of giant star-shaped trimer enables non-halogen solvent-fabricated, thermal stable, and efficient organic solar cells [J]. Joule, 2023, 7(10): 2386-2401."
CCCCC(CC)Cc1sc(-c2c3cc(-c4ccc(-c5sc(-c6ccc(C)s6)c6c5C(=O)c5c(CC(CC)CCCC)sc(CC(CC)CCCC)c5C6=O)s4)sc3c(-c3cc(F)c(CC(CC)CCCC)s3)c3cc(C)sc23)cc1F,PM6,CCCCCCCCCCC(CCCCCCCC)CN1C2=C(SC3=C2SC(/C=C2\C(=O)C4=CC(C5=CC=C(C6=CC(C7=CC=C(C8=CC=C9C(=C8)C(=O)/C(=C\C8=C(CC(CCCC)CCCCCC)C%10=C(S8)C8=C(S%10)C%10=C(C%11=C(C%12=NSN=C%12%10)C%10=C(C%12=C(S%10)C(CC(CCCC)CCCCCC)=C(/C=C%10\C(=O)C%13=CC(F)=C(F)C=C%13C%10=C(C#N)C#N)S%12)N%11CC(CCCCCCCC)CCCCCCCCCC)N8CC(CCCCCCCC)CCCCCCCCCC)C9=C(C#N)C#N)S7)=CC(C7=CC=C(C8=CC=C9C(=C8)C(=O)/C(=C\C8=C(CC(CCCC)CCCCCC)C%10=C(S8)C8=C(S%10)C%10=C(C%11=C(C%12=NSN=C%12%10)C%10=C(C%12=C(S%10)C(CC(CCCC)CCCCCC)=C(/C=C%10\C(=O)C%13=CC(F)=C(F)C=C%13C%10=C(C#N)C#N)S%12)N%11CC(CCCCCCCC)CCCCCCCCCC)N8CC(CCCCCCCC)CCCCCCCCCC)C9=C(C#N)C#N)S7)=C6)S5)=CC=C4C2=C(C#N)C#N)=C3CC(CCCC)CCCCCC)C2=C1C1=C(C3=NSN=C32)C2=C(C3=C(S2)C(CC(CCCC)CCCCCC)=C(/C=C2\C(=O)C4=CC(F)=C(F)C=C4C2=C(C#N)C#N)S3)N1CC(CCCCCCCC)CCCCCCCCCC,3BY,-5.65,-3.8,0.969,23.92,76.59,17.75,"SUN C, WANG J, BI F, et al. Non-fused core-linked star-shaped oligomer acceptors for stable binary organic solar cells with over 19% efficiency [J]. Energy & Environmental Science, 2025, 18(2): 862-873."
CCCCC(CC)Cc1sc(-c2c3cc(-c4ccc(-c5sc(-c6ccc(C)s6)c6c5C(=O)c5c(CC(CC)CCCC)sc(CC(CC)CCCC)c5C6=O)s4)sc3c(-c3cc(F)c(CC(CC)CCCC)s3)c3cc(C)sc23)cc1F,PM6,CCCCCCCCCCC(CCCCCCCC)CN1C2=C(SC3=C2SC(/C=C2\C(=O)C4=CC(C5=CC=C(C6=NC(C7=CC=C(C8=CC=C9C(=C8)C(=O)/C(=C\C8=C(CC(CCCC)CCCCCC)C%10=C(S8)C8=C(S%10)C%10=C(C%11=C(C%12=NSN=C%12%10)C%10=C(C%12=C(S%10)C(CC(CCCC)CCCCCC)=C(/C=C%10\C(=O)C%13=CC(F)=C(F)C=C%13C%10=C(C#N)C#N)S%12)N%11CC(CCCCCCCC)CCCCCCCCCC)N8CC(CCCCCCCC)CCCCCCCCCC)C9=C(C#N)C#N)S7)=NC(C7=CC=C(C8=CC=C9C(=C8)C(=O)/C(=C\C8=C(CC(CCCC)CCCCCC)C%10=C(S8)C8=C(S%10)C%10=C(C%11=C(C%12=NSN=C%12%10)C%10=C(C%12=C(S%10)C(CC(CCCC)CCCCCC)=C(/C=C%10\C(=O)C%13=CC(F)=C(F)C=C%13C%10=C(C#N)C#N)S%12)N%11CC(CCCCCCCC)CCCCCCCCCC)N8CC(CCCCCCCC)CCCCCCCCCC)C9=C(C#N)C#N)S7)=N6)S5)=CC=C4C2=C(C#N)C#N)=C3CC(CCCC)CCCCCC)C2=C1C1=C(C3=NSN=C32)C2=C(C3=C(S2)C(CC(CCCC)CCCCCC)=C(/C=C2\C(=O)C4=CC(F)=C(F)C=C4C2=C(C#N)C#N)S3)N1CC(CCCCCCCC)CCCCCCCCCC,3QY,-5.67,-3.83,0.951,26.36,76.86,19.27,"SUN C, WANG J, BI F, et al. Non-fused core-linked star-shaped oligomer acceptors for stable binary organic solar cells with over 19% efficiency [J]. Energy & Environmental Science, 2025, 18(2): 862-873."
CCCCC(CC)Cc1sc(-c2c3cc(-c4ccc(-c5sc(-c6ccc(C)s6)c6c5C(=O)c5c(CC(CC)CCCC)sc(CC(CC)CCCC)c5C6=O)s4)sc3c(-c3cc(F)c(CC(CC)CCCC)s3)c3cc(C)sc23)cc1F,PM6,CCCCCCCCCCCC1=C(C=C2/C(C3=CC(F)=C(F)C=C3C2=O)=C(C#N)/C#N)SC4=C1SC5=C4N(C6=C5C7=NC8=C(C9=C(C%10=C8N=C%11C(C%12=C(N(C%13=C%12SC%14=C%13SC(/C=C%15\C(C%16=CC(F)=C(F)C=C%16C%15=O)=C(C#N)\C#N)=C%14CCCCCCCCCCC)CC(CCCCCCCCCC)CCCCCCCCCCCC)C%17=C%11C%18=C(N%17CC(CCCCCCCCCCCC)CCCCCCCCCC)C%19=C(C(CCCCCCCCCCC)=C(C=C%20/C(C%21=CC(F)=C(F)C=C%21C%20=O)=C(C#N)/C#N)S%19)S%18)=N%10)N=C%22C(C%23=C(N(C%24=C%23SC%25=C%24SC(C=C%26/C(C%27=CC(F)=C(F)C=C%27C%26=O)=C(C#N)/C#N)=C%25CCCCCCCCCCC)CC(CCCCCCCCCC)CCCCCCCCCCCC)C%28=C%22C%29=C(N%28CC(CCCCCCCCCC)CCCCCCCCCCCC)C%30=C(C(CCCCCCCCCCC)=C(/C=C%31\C(C%32=CC(F)=C(F)C=C%32C%31=O)=C(C#N)\C#N)S%30)S%29)=N9)N=C7C%33=C6N(C%34=C%33SC%35=C%34SC(C=C%36/C(C%37=CC(F)=C(F)C=C%37C%36=O)=C(C#N)/C#N)=C%35CCCCCCCCCCC)CC(CCCCCCCCCCCC)CCCCCCCCCC)CC(CCCCCCCCCCCC)CCCCCCCCCC,DT-6IC,,,0.961,22.31,73.49,15.66,"WANG C, CHEN Q, ZHANG C, et al. A 6-Arm Three-Blade Propeller Electron Acceptor for Organic Solar Cells with Efficiency over 19% [J]. CCS Chemistry, 2025, 7(4): 1177-1187.
"
CCCCC(CC)Cc1sc(-c2c3cc(-c4ccc(-c5sc(-c6ccc(C)s6)c6c5C(=O)c5c(CC(CC)CCCC)sc(CC(CC)CCCC)c5C6=O)s4)sc3c(-c3cc(F)c(CC(CC)CCCC)s3)c3cc(C)sc23)cc1F,PM6,CCCCCCCCCC1=C(/C=C2\C(=O)C3=C(C=CC(C4=CC=C(C5=CC6=C(C=C5)C(=C(C#N)C#N)/C(=C/C5=C(CCCCCCCCC)C7=C(S5)C5=C(S7)C7=C(C8=C(C9=NSN=C97)C7=C(C9=C(S7)C(CCCCCCCCC)=C(/C=C7\C(=O)C%10=CC(Cl)=C(Cl)C=C%10\C7=C(\C#N)C=O)S9)N8CC(CCCCCC)CCCCCCCC)N5CC(CCCCCC)CCCCCCCC)C6=O)S4)=C3)C2=C(C#N)C#N)SC2=C1SC1=C2N(CC(CCCCCC)CCCCCCCC)C2=C1C1=NSN=C1C1=C2N(CC(CCCCCC)CCCCCCCC)C2=C1SC1=C2SC(/C=C2\C(=O)C3=C(C=C(Cl)C(Cl)=C3)C2=C(C#N)C#N)=C1CCCCCCCCC,DC9-HD,,,0.9,26.2,79.3,18.7,"W. Feng, Y. Bai, J. Wang, Y. Zhong, J. Wang, T. Chen, J. Zhang, K. Han, X. Wan, B. Kan, Y. Chen, Rational Design of Two Well-Compatible Dimeric Acceptors Through Regulating Chalcogen-Substituted Conjugated Backbone Enable Ternary Organic Solar Cells with 19.4% Efficiency. Adv. Energy Mater. 2024, 2404062. https://doi.org/10.1002/aenm.202404062"
CCCCC(CC)Cc1sc(-c2c3cc(-c4ccc(-c5sc(-c6ccc(C)s6)c6c5C(=O)c5c(CC(CC)CCCC)sc(CC(CC)CCCC)c5C6=O)s4)sc3c(-c3cc(F)c(CC(CC)CCCC)s3)c3cc(C)sc23)cc1F,PM6,CCCCCCCCCC1=C(/C=C2\C(=O)C3=C(C=C(Cl)C(Cl)=C3)C2=C(C#N)C#N)SC2=C1SC1=C2N(CC(CCCCCC)CCCCCCCC)C2=C1C1=NSN=C1C1=C2N(CC(CCCCCC)CCCCCCCC)C2=C1SC1=C2[Se]C(/C=C2\C(=O)C3=C(C=CC(C4=CC=C(C5=CC6=C(C=C5)C(=C(C#N)C#N)/C(=C/C5=C(CCCCCCCCC)C7=C([Se]5)C5=C(S7)C7=C(C8=C(C9=NSN=C97)C7=C(C9=C(S7)C(CCCCCCCCC)=C(/C=C7\C(=O)C%10=CC(Cl)=C(Cl)C=C%10\C7=C(\C#N)C=O)[Se]9)N8CC(CCCCCC)CCCCCCCC)N5CC(CCCCCC)CCCCCCCC)C6=O)S4)=C3)C2=C(C#N)C#N)=C1CCCCCCCCC,DYSe-3,,,0.864,27.5,78.3,18.6,"W. Feng, Y. Bai, J. Wang, Y. Zhong, J. Wang, T. Chen, J. Zhang, K. Han, X. Wan, B. Kan, Y. Chen, Rational Design of Two Well-Compatible Dimeric Acceptors Through Regulating Chalcogen-Substituted Conjugated Backbone Enable Ternary Organic Solar Cells with 19.4% Efficiency. Adv. Energy Mater. 2024, 2404062. https://doi.org/10.1002/aenm.202404062"
CCCCC(CC)Cc1sc(-c2c3cc(-c4ccc(-c5sc(-c6ccc(C)s6)c6c5C(=O)c5c(CC(CC)CCCC)sc(CC(CC)CCCC)c5C6=O)s4)sc3c(-c3cc(F)c(CC(CC)CCCC)s3)c3cc(C)sc23)cc1F,PM6,CCCCCCCCC(CCCCCCCCCC)CN1C2=C(CC3=C2SC(/C=C4C(C5=C(C=CC(C6=CC=C(C7=CC8=C(C=C7)C(/C(C8=O)=C/C9=C(CCCCCCCCCCC)C%10=C(S9)C%11=C(S%10)C%12=C(C%13=C(C%14=NSN=C%14%12)C%15=C(C%16=C(S%15)C(CCCCCCCCCCC)=C(/C=C%17C(C%18=C(C=C(F)C(F)=C%18)C\%17=C(C#N)/C#N)=O)S%16)N%13CC(CCCCCCCC)CCCCCCCCCC)N%11CC(CCCCCCCC)CCCCCCCCCC)=C(C#N)\C#N)S6)=C5)C\4=C(C#N)\C#N)=O)=C3CCCCCCCCCCC)C%19=C1C%20=C(C%21=NSN=C%21%19)C%22=C(C%23=C(S%22)C(CCCCCCCCCCC)=C(/C=C%24C(C%25=C(C=CC(C%26=CC=C(C%27=CC%28=C(C=C%27)C(/C(C%28=O)=C/C%29=C(CCCCCCCCCCC)C%30=C(S%29)C%31=C(S%30)C%32=C(C%33=C(C%34=NSN=C%34%32)C%35=C(C%36=C(S%35)C(CCCCCCCCCCC)=C(/C=C%37C(C%38=C(C=C(F)C(F)=C%38)C\%37=C(C#N)\C#N)=O)S%36)N%33CC(CCCCCCCCCC)CCCCCCCC)N%31CC(CCCCCCCCCC)CCCCCCCC)=C(C#N)/C#N)S%26)=C%25)C\%24=C(C#N)/C#N)=O)S%23)N%20CC(CCCCCCCCCC)CCCCCCCC,Tri-Y6-OD,,,0.916,25.3,77.8,18.03,"C. Zhang, J. Song, J. Xue, S. Wang, Z. Ge, Y. Man, W. Ma, Y. Sun, Angew. Chem. Int. Ed. 2023, 62, e202308595."
CCCCC(CC)Cc1sc(-c2c3cc(-c4ccc(-c5sc(-c6ccc(C)s6)c6c5C(=O)c5c(CC(CC)CCCC)sc(CC(CC)CCCC)c5C6=O)s4)sc3c(-c3cc(F)c(CC(CC)CCCC)s3)c3cc(C)sc23)cc1F,PM6,CCCCCCCCC(CN1C2=C(C3=C1C4=C(C5=C(N4CC(CCCCCCCC)CCCCCCCCCC)C6=C(C(CCCCCCCCCCC)=C(S6)/C=C7C(C8=C(C\7=C(C#N)/C#N)C=CC=C8)=O)S5)C9=NSN=C93)CC%10=C2SC(C=C%11C(C%12=CC%13=C(C(/C(C%13=O)=C\C%14=C(C%15=C(C%16=C(C%17=C(N%16CC(CCCCCCCCCC)CCCCCCCC)C%18=C(C%19=C(N%18CC(CCCCCCCCCC)CCCCCCCC)C%20=C(C(CCCCCCCCCCC)=C(S%20)/C=C%21C(C%22=C(C\%21=C(C#N)\C#N)C=C(C(F)=C%22)F)=O)S%19)C%23=NSN=C%23%17)S%15)S%14)CCCCCCCCCCC)=C(C#N)\C#N)C=C%12/C%11=C(C#N)\C#N)=O)=C%10CCCCCCCCCCC)CCCCCCCCCC,DY-cis-ICI,-5.79,-3.91,0.78,25.9,71,14.5,"JIANG H, XU J, LI Y, et al. Electron-Deficient Linkers in Giant Molecule Acceptors for Organic Solar Cells [J]. ACS Applied Energy Materials, 2024, 7(21): 10073-10080."
CCCCC(CC)Cc1sc(-c2c3cc(-c4ccc(-c5sc(-c6ccc(C)s6)c6c5C(=O)c5c(CC(CC)CCCC)sc(CC(CC)CCCC)c5C6=O)s4)sc3c(-c3cc(F)c(CC(CC)CCCC)s3)c3cc(C)sc23)cc1F,PM6,CCCCCCCCC(CN1C2=C(C3=C1C4=C(C5=C(N4CC(CCCCCCCC)CCCCCCCCCC)C6=C(C(CCCCCCCCCCC)=C(S6)/C=C7C(C8=C(C\7=C(C#N)/C#N)C=CC=C8)=O)S5)C9=NSN=C93)CC%10=C2SC(C=C%11/C(C%12=CC%13=C(C(/C(C%13=O)=C\C%14=C(C%15=C(C%16=C(C%17=C(N%16CC(CCCCCCCCCC)CCCCCCCC)C%18=C(C%19=C(N%18CC(CCCCCCCCCC)CCCCCCCC)C%20=C(C(CCCCCCCCCCC)=C(S%20)/C=C%21C(C%22=C(C\%21=C(C#N)\C#N)C=C(C(F)=C%22)F)=O)S%19)C%23=NSN=C%23%17)S%15)S%14)CCCCCCCCCCC)=C(C#N)\C#N)C=C%12C%11=O)=C(C#N)/C#N)=C%10CCCCCCCCCCC)CCCCCCCCCC,DY-trans-ICI,-5.81,-3.95,0.76,26.3,72,14.3,"JIANG H, XU J, LI Y, et al. Electron-Deficient Linkers in Giant Molecule Acceptors for Organic Solar Cells [J]. ACS Applied Energy Materials, 2024, 7(21): 10073-10080."
CCCCC(CC)Cc1sc(CC(CC)CCCC)c2c1C(=O)c1c(-c3ccc(C)s3)sc(-c3ccc(C)s3)c1C2=O,PBDB-T,CCCCCCC1=CC=C(C2(C3=CC=C(CCCCCC)C=C3)C3=C(SC(C4=CC=C(/C=C5\C(=O)C6=C(C=C(F)C(F)=C6)C5=C(C#N)C#N)S4)=C3)C3=C2C2=C(S3)C3=C(SC4=C3C(C3=CC=C(CCCCCC)C=C3)(C3=CC=C(CCCCCC)C=C3)C3=C4SC(C4=CC=C(/C=C5\C(=O)C6=C(C=C(F)C(F)=C6)C5=C(C#N)C#N)S4)=C3)C3=C2SC2=C3C(C3=CC=C(CCCCCC)C=C3)(C3=CC=C(CCCCCC)C=C3)C3C=C(C4=CC=C(/C=C5\C(=O)C6=C(C=C(F)C(F)=C6)C5=C(C#N)C#N)S4)SC23)C=C1,B3T-TT-6F,,,0.819,18.28,66.41,9.94,"LIU D, WANG T, CHANG Z, et al. Fused or unfused  Two-dimensional non-fullerene acceptors for efficient organic solar cells [J]. Journal of Materials Chemistry A, 2021, 9(4): 2319-2324."
CCCCC(CC)Cc1sc(CC(CC)CCCC)c2c1C(=O)c1c(-c3ccc(C)s3)sc(-c3ccc(C)s3)c1C2=O,PBDB-T,CCCCCCC1=CC=C(C2(C3=CC=C(CCCCCC)C=C3)C3=C(SC4=C3SC(/C=C3\C(=O)C5=C(C=C(F)C(F)=C5)C3=C(C#N)C#N)=C4)C3=C2C2=C(S3)C3=C(SC4=C3C(C3=CC=C(CCCCCC)C=C3)(C3=CC=C(CC5=CC=C6C=C7C=CC(C)=CC7=CC6=C5)C=C3)C3=C4SC4=C3SC(/C=C3\C(=O)C5=C(C=C(F)C(F)=C5)C3=C(C#N)C#N)=C4)C3=C2SC2=C3C(C3=CC=C(CCCCCC)C=C3)(C3=CC=C(CC4=CC=C5C=C6C=CC(C)=CC6=CC5=C4)C=C3)C3=C2SC2=C3SC(/C=C3\C(=O)C4=C(C=C(F)C(F)=C4)C3=C(C#N)C#N)=C2)C=C1,B3T-BT-6F,,,0.807,16.53,63.48,8.4,"LIU D, WANG T, CHANG Z, et al. Fused or unfused  Two-dimensional non-fullerene acceptors for efficient organic solar cells [J]. Journal of Materials Chemistry A, 2021, 9(4): 2319-2324."
CCCCCCC(CCCC)Cc1cc(-c2cc3c4nsnc4c4cc(-c5cc(CC(CCCC)CCCCCC)c(-c6cc7c(-c8cc(Cl)c(CC(CC)CCCC)s8)c8sc(C)cc8c(-c8cc(Cl)c(CC(CC)CCCC)s8)c7s6)s5)sc4c3s2)sc1C,D18-Cl,CCCCCCC(CCCC)CC1=C(/C=C2\C(=O)C3=C(C=C(F)C(F)=C3)C2=C(C#N)C#N)SC2=C1SC1=C2N(CCC(C)CCCC)C2=C1C1=NC3=C(N=C1C1=C2N(CCC(CC)CCCC)C2=C1SC1=C2SC(/C=C2\C(=O)C4=C(C=C(F)C(F)=C4)C2=C(C#N)C#N)=C1CC(CCCC)CCCCCC)C1=C(C2=C3C3=C(C4=C(S3)C(CC(CCCC)CCCCCC)=C(/C=C3\C(=O)C5=C(C=C(F)C(F)=C5)C3=C(C#N)C#N)S4)N2CCC(CC)CCCC)N(CCC(CC)CCCC)C2=C1SC1=C2SC(/C=C2\C(=O)C3=C(C=C(F)C(F)=C3)C2=C(C#N)C#N)=C1CC(CCCC)CCCCCC,4A-DFIC,,,0.905,22.47,77.4,15.76,"X. Meng, M. Li, K. Jin, L. Zhang, J. Sun, W. Zhang, C. Yi, J. Yang, F. Hao, G.-W. Wang, Z. Xiao, L. Ding, Angew. Chem. Int. Ed. 2022, 61, e202207762; Angew. Chem. 2022, 134, e202207762."
CCCCCCC(CCCC)Cc1cc(-c2cc3c4nsnc4c4cc(-c5cc(CC(CCCC)CCCCCC)c(-c6cc7c(-c8ccc(CC(CC)CCCC)s8)c8sc(C)cc8c(-c8ccc(CC(CC)CCCC)s8)c7s6)s5)sc4c3s2)sc1C,D18,CC(C(S1)=C(C(N2CC(CCCC)CC)=C1C3=C2C4=C(C(S5)=C(C(S6)=C5C(CCCCCCCCCCC)=C6/C=C7C(C(C=C(C8=CC=C(C9=CC=C(S9)C(C=C%10)=CC(C(C/%11=C\C%12=C(CCCCCCCCCCC)C%13=C(S%12)C%14=C(N%13)C%15=C(N%14CC(CCCC)CC)C%16=C(C%17=NSN=C%17%15)C%18=C(N%16CC(CCCC)CC)C%19=C(S%18)C=C(S%19)/C=C%20/C(C%21=C(C%20=O)C=C(F)C(F)=C%21)=C(C#N)/C#N)=O)=C%10C%11=C(C#N)\C#N)S8)C=C%22)=C%22C\7=C(C#N)\C#N)=O)N4CC(CC)CCCC)C%23=NSN=C3%23)S%24)=C%24/C=C%25/C(C%26=C(C%25=O)C=C(F)C(F)=C%26)=C(C#N)/C#N,DY-T,-5.72,-3.57,0.949,22.57,72.47,15.52,"GU X, WEI Y, YU N, et al. High-Efficiency and Low-Energy-Loss Organic Solar Cells Enabled by Tuning Conformations of Dimeric Electron Acceptors [J]. CCS Chemistry, 2023, 5(11): 2576-2588."
CCCCCCC(CCCC)Cc1cc(-c2cc3c4nsnc4c4cc(-c5cc(CC(CCCC)CCCCCC)c(-c6cc7c(-c8ccc(CC(CC)CCCC)s8)c8sc(C)cc8c(-c8ccc(CC(CC)CCCC)s8)c7s6)s5)sc4c3s2)sc1C,D18,CC(C(S1)=C(C(N2CC(CCCC)CC)=C1C3=C2C4=C(C(S5)=C(C(S6)=C5C(CCCCCCCCCCC)=C6/C=C7C(C(C=C(C8=CC(F)=C(C9=C(F)C=C(S9)C(C=C%10)=CC(C(C/%11=C\C%12=C(CCCCCCCCCCC)C%13=C(S%12)C%14=C(N%13)C%15=C(N%14CC(CCCC)CC)C%16=C(C%17=NSN=C%17%15)C%18=C(N%16CC(CCCC)CC)C%19=C(S%18)C=C(S%19)/C=C%20/C(C%21=C(C%20=O)C=C(F)C(F)=C%21)=C(C#N)/C#N)=O)=C%10C%11=C(C#N)\C#N)S8)C=C%22)=C%22C\7=C(C#N)\C#N)=O)N4CC(CC)CCCC)C%23=NSN=C3%23)S%24)=C%24/C=C%25/C(C%26=C(C%25=O)C=C(F)C(F)=C%26)=C(C#N)/C#N,DY-TF,-5.73,-3.6,0.945,24.36,72.87,16.77,"GU X, WEI Y, YU N, et al. High-Efficiency and Low-Energy-Loss Organic Solar Cells Enabled by Tuning Conformations of Dimeric Electron Acceptors [J]. CCS Chemistry, 2023, 5(11): 2576-2588."
CCCCCCC(CCCC)Cc1cc(-c2cc3c4nsnc4c4cc(-c5cc(CC(CCCC)CCCCCC)c(-c6cc7c(-c8ccc(CC(CC)CCCC)s8)c8sc(C)cc8c(-c8ccc(CC(CC)CCCC)s8)c7s6)s5)sc4c3s2)sc1C,D18,CC(C(S1)=C(C(N2CC(CCCC)CC)=C1C3=C2C4=C(C(S5)=C(C(S6)=C5C(CCCCCCCCCCC)=C6/C=C7C(C(C(F)=C(C8=CC(F)=C(C9=C(F)C=C(S9)C(C=C%10)=C(F)C(C(C/%11=C\C%12=C(CCCCCCCCCCC)C%13=C(S%12)C%14=C(N%13)C%15=C(N%14CC(CCCC)CC)C%16=C(C%17=NSN=C%17%15)C%18=C(N%16CC(CCCC)CC)C%19=C(S%18)C=C(S%19)/C=C%20/C(C%21=C(C%20=O)C=C(F)C(F)=C%21)=C(C#N)/C#N)=O)=C%10C%11=C(C#N)\C#N)S8)C=C%22)=C%22C\7=C(C#N)\C#N)=O)N4CC(CC)CCCC)C%23=NSN=C3%23)S%24)=C%24/C=C%25/C(C%26=C(C%25=O)C=C(F)C(F)=C%26)=C(C#N)/C#N,DYF-TF,-5.74,-3.63,0.939,25.82,75.3,18.26,"GU X, WEI Y, YU N, et al. High-Efficiency and Low-Energy-Loss Organic Solar Cells Enabled by Tuning Conformations of Dimeric Electron Acceptors [J]. CCS Chemistry, 2023, 5(11): 2576-2588."
CCCCCCC(CCCC)Cc1cc(-c2cc3c4nsnc4c4cc(-c5cc(CC(CCCC)CCCCCC)c(-c6cc7c(-c8ccc(CC(CC)CCCC)s8)c8sc(C)cc8c(-c8ccc(CC(CC)CCCC)s8)c7s6)s5)sc4c3s2)sc1C,D18,O=C(C1=C(C/2=C(C#N)\C#N)C=C(F)C(F)=C1)C2=C/C3=C(C4=CC=C(SCCCCSC5=CC=C(C(C6=C(C7=C(C8=C(N7CC(CCCC)CCCCCC)C9=C(C%10=C(N9CC(CCCC)CCCCCC)C%11=C(C(CCCCCCCCC)=C(S%11)/C=C%12C(C%13=CC(F)=C(C=C%13C\%12=C(C=O)\C#N)F)=O)S%10)C%14=NSN=C%148)S6)S%15)=C%15/C=C(C%16=O)/C(C%17=C%16C=C(F)C(F)=C%17)=C(C#N)\C#N)S5)S4)C(SC%18=C%19N(C%20=C%18C%21=NSN=C%21C%22=C%20N(C%23=C%22SC%24=C%23SC(/C=C%25C(C%26=C(C\%25=C(C#N)\C#N)C=C(C(F)=C%26)F)=O)=C%24CCCCCCCCC)CC(CCCC)CCCCCC)CC(CCCC)CCCCCC)=C%19S3,2Y-wing,,,0.85,27.66,0.754,17.73,"F. Yi, M. Xiao, Y. Meng, H. Bai, W. Su, W. Gao, Z.-F. Yao, G. Qi, Z. Liang, C. Jin, L. Tang, R. Zhang, L. Yan, Y. Liu, W. Zhu, W. Ma, Q. Fan, Angew. Chem. Int. Ed. 2024, 63, e202319295."
CCCCCCC(CCCC)Cc1cc(-c2cc3c4nsnc4c4cc(-c5cc(CC(CCCC)CCCCCC)c(-c6cc7c(-c8ccc(CC(CC)CCCC)s8)c8sc(C)cc8c(-c8ccc(CC(CC)CCCC)s8)c7s6)s5)sc4c3s2)sc1C,D18,O=C(C1=C(C/2=C(C#N)\C#N)C=CC(C3=CC=C(SCCCCSC4=CC=C(C5=CC6=C(C(/C(C6=O)=C/C7=C(CCCCCCCCCCC)C8=C(C9=C(C%10=C(N9CC(CCCC)CCCCCC)C%11=C(C%12=C(N%11CC(CCCC)CCCCCC)C%13=C(C(CCCCCCCCC)=C(S%13)/C=C%14C(C%15=CC(F)=C(C=C%15C\%14=C(C=O)\C#N)F)=O)S%12)C%16=NSN=C%16%10)S8)S7)=C(C#N)/C#N)C=C5)S4)S3)=C1)C2=C/C%17=C(CCCCCCCCCCC)C(SC%18=C%19N(C%20=C%18C%21=NSN=C%21C%22=C%20N(C%23=C%22SC%24=C%23SC(/C=C%25C(C%26=C(C\%25=C(C#N)\C#N)C=C(C(F)=C%26)F)=O)=C%24CCCCCCCCC)CC(CCCC)CCCCCC)CC(CCCC)CCCCCC)=C%19S%17,2Y-end,,,0.948,22.39,0.685,14.46,"F. Yi, M. Xiao, Y. Meng, H. Bai, W. Su, W. Gao, Z.-F. Yao, G. Qi, Z. Liang, C. Jin, L. Tang, R. Zhang, L. Yan, Y. Liu, W. Zhu, W. Ma, Q. Fan, Angew. Chem. Int. Ed. 2024, 63, e202319295."
CCCCCCC(CCCC)Cc1cc(-c2cc3c4nsnc4c4cc(-c5cc(CC(CCCC)CCCCCC)c(-c6cc7c(-c8ccc(CC(CC)CCCC)s8)c8sc(C)cc8c(-c8ccc(CC(CC)CCCC)s8)c7s6)s5)sc4c3s2)sc1C,D18,O=C(C1=C(C/2=C(C#N)\C#N)C=C(F)C(F)=C1)C2=C/C3=C(C4=CC=C(SCCCCSC5=CC=C(C6=CC7=C(C(/C(C7=O)=C/C8=C(CCCCCCCCCCC)C9=C(C%10=C(C%11=C(N%10CC(CCCC)CCCCCC)C%12=C(C%13=C(N%12CC(CCCC)CCCCCC)C%14=C(C(CCCCCCCCC)=C(S%14)/C=C%15C(C%16=CC(F)=C(C=C%16C\%15=C(C=O)\C#N)F)=O)S%13)C%17=NSN=C%17%11)S9)S8)=C(C#N)/C#N)C=C6)S5)S4)C(SC%18=C%19N(C%20=C%18C%21=NSN=C%21C%22=C%20N(C%23=C%22SC%24=C%23SC(/C=C%25C(C%26=C(C\%25=C(C#N)\C#N)C=C(C(F)=C%26)F)=O)=C%24CCCCCCCCC)CC(CCCC)CCCCCC)CC(CCCC)CCCCCC)=C%19S3,2Y-we,,,0.921,26.77,70.6,17.4,"H. Liu, L. Tang, T. Li, F. Yi, W. Su, K. Xiang, B. Dong , Z. Yao, K. Wang, T. Hu, Z. Bi, H. Bai, J. Chen, X. Wang, Y. Liu, R. Ma, M. Xiao, W. Ma , Q. Fan, Angew. Chem. Int. Ed. 2025, e202503721."
